Ñ€ĞµĞ¹Ñ‚Ğ¸Ğ½Ğ³,Ğ½Ğ¸Ğº,Ğ¸Ğ¼Ñ,ĞºĞ°Ñ‚ĞµĞ³Ğ¾Ñ€Ğ¸Ğ¸,Ğ¿Ğ¾ÑĞ»ĞµĞ´Ğ¾Ğ²Ğ°Ñ‚ĞµĞ»Ğ¸,ÑÑ‚Ñ€Ğ°Ğ½Ğ°,ÑĞ»ÑƒÑˆĞ°Ñ‚ĞµĞ»Ğ¸ (Auth.),ÑĞ»ÑƒÑˆĞ°Ñ‚ĞµĞ»Ğ¸ (Avg.)
1,jloïŒ¶,Jennifer Lopez,MusicCinema & Actors/actresses,248.8M,United States,498.8K,731.8K
2,vindieselïŒ¶,Vin Diesel,Cinema & Actors/actresses,96.7M,United States,603K,775K
3,realstraykidsïŒ¶,Stray Kids,Music,25.9M,Indonesia,1.7M,2M
4,theweekndïŒ¶,Abel Tesfaye,Music,61.4M,United States,585.8K,793.5K
5,meganfoxïŒ¶,Megan Fox,Cinema & Actors/actresses,21.2M,United States,1.4M,2.3M
6,haileybieberïŒ¶,Hailey Rhode Baldwin Bieber,LifestyleModeling,49.8M,United States,649.6K,872.9K
7,emrataïŒ¶,Emily Ratajkowski,Modeling,30.2M,United States,838K,1.2M
8,ester_expositoïŒ¶,Ester ğŸŒ™,Cinema & Actors/actresses,27.4M,Mexico,821.4K,1.2M
9,judebellinghamïŒ¶,Jude Bellingham,LifestyleSports with a ball,13.2M,United Kingdom,981.9K,2.6M
10,johnnydeppïŒ¶,Johnny Depp,Cinema & Actors/actressesMusic,28.2M,United States,889.1K,1.2M
11,feliciathegoatïŒ¶,"Tyler, The Creator",Music,14.2M,United States,1M,1.7M
12,enhypenïŒ¶,ENHYPEN,Lifestyle,13.1M,Indonesia,1.5M,1.8M
13,iamhalseyïŒ¶,halsey,Music,31.8M,United States,508.7K,669.4K
14,asaprockyïŒ¶,A$AP ROCKY,Music,17.2M,United States,731.6K,1.2M
15,thenotoriousmmaïŒ¶,Conor McGregor Official,Fitness & Gym,46.5M,United States,329.6K,438.1K
16,justintimberlakeïŒ¶,Justin Timberlake,MusicArt/ArtistsCinema & Actors/actresses,70.3M,United States,214.2K,286K
17,hannahstockingïŒ¶,Hannah Stocking,Modeling,25.2M,United States,571.4K,765.7K
18,cznburakïŒ¶,Burak OÌˆzdemir,Food & Cooking,48.7M,Turkey,243.9K,330.7K
19,evcenfïŒ¶,Fahriye Evcen Ã–zÃ§ivit,LifestyleBeauty,13.7M,Turkey,938K,1.2M
20,finnwolfhardofficialïŒ¶,Finn Wolfhard,MusicCinema & Actors/actresses,24.7M,Brazil,466.6K,607.3K
21,kingryanïŒ¶,Ryan Garcia,Fitness & Gym,10.4M,United States,945.1K,1.4M
22,aron.piperïŒ¶,ARONğŸŒœğŸŒ,MusicLifestyle,13.1M,Brazil,453.7K,854.5K
23,salmahayekïŒ¶,Salma Hayek Pinault,Cinema & Actors/actresses,24.9M,United States,350.3K,432.5K
24,realbarbarapalvinïŒ¶,Barbara Palvin,ModelingFashion,19.4M,Russia,409.9K,553.3K
25,larissamanoelaïŒ¶,Larissa Manoela,Cinema & Actors/actresses,49.3M,Brazil,124.7K,207.1K
26,bellapoarchïŒ¶,Bella Poarch,LifestyleMusic,12.9M,United States,590.2K,762.8K
27,hoooooyeonyïŒ¶,Hoyeon,LifestyleMusic,21.1M,South Korea,342.4K,448.2K
28,adamweitsmanïŒ¶,Adam Weitsman,Business & Careers,20M,Russia,354.9K,434.3K
29,thebursinïŒ¶,Kerem BuÌˆrsin,Cinema & Actors/actresses,11.3M,Russia,570.8K,731.7K
30,neslihanatagulïŒ¶,Neslihan AtaguÌˆl DogÌ†ulu,Cinema & Actors/actressesModeling,14.1M,Turkey,458.2K,580.9K
31,amauryguichonïŒ¶,Amaury Guichon,Food & Cooking,11.6M,United States,523.5K,638.1K
32,ninaïŒ¶,Nina Dobrev,Cinema & Actors/actresses,26.4M,Brazil,186.2K,267.1K
33,jy_pieceïŒ¶,ì •ì—° (JEONGYEON),,7.5M,Brazil,753.1K,936.9K
34,snejanaonopka15ïŒ¶,Snejana Onopka,Modeling,13.8M,Russia,388.4K,466.9K
35,irinashaykïŒ¶,irina shayk,Modeling,22.3M,Russia,214.7K,272.1K
36,leonardodicaprioïŒ¶,Leonardo DiCaprio,Cinema & Actors/actresses,59.1M,United States,84K,103.1K
37,rosiehwïŒ¶,Rosie HW,Modeling,18.7M,United States,222.7K,319.9K
38,dk_is_dokyeomïŒ¶,ë„ê²¸,LifestyleMusic,5.3M,Indonesia,987.9K,1.1M
39,c.syresmithïŒ¶,Jaden Smith,Cinema & Actors/actressesLifestyle,19.9M,United States,144.6K,223.8K
40,hasbulla.hushetskiyïŒ¶,Hasbulla Magomedov,Lifestyle,8.6M,Russia,333.6K,505.2K
41,subo_mïŒ¶,Ğ¡ÑƒĞ±Ğ¾ ĞœĞ°Ğ¼ĞµĞ´Ğ¾Ğ²,Shows,11.4M,Russia,289.5K,353.6K
42,tatawerneckïŒ¶,Tata Werneck,Cinema & Actors/actressesFamily,56.1M,Brazil,46.3K,72.1K
43,tamaaevïŒ¶,Ğ¢Ğ°Ğ¼Ğ°ĞµĞ² ĞÑÑ…Ğ°Ğ±,Fitness & Gym,9.5M,Russia,295.1K,420K
44,miketysonïŒ¶,Mike Tyson,Fitness & Gym,21.6M,United States,137.3K,176.7K
45,vladimirshmondenkoïŒ¶,VLADIMIR1 & mr ANATOLY,Fitness & Gym,6M,Ukraine,505.1K,637.2K
46,anastasiya_kvitkoïŒ¶,AK ğŸ¤,LifestyleModeling,12.7M,United States,242.2K,296.5K
47,jeremyrennerïŒ¶,Jeremy Renner,ShowsCinema & Actors/actresses,21M,United States,149.4K,179.2K
48,mathildtantotïŒ¶,Mathilde,LifestyleModeling,9.6M,United States,245.4K,371.7K
49,t22feltonïŒ¶,Tom Felton,MusicCinema & Actors/actresses,11.9M,United States,226.6K,293.6K
50,lilpumpïŒ¶,Lil Pump,Music,14.6M,United States,149.5K,233.8K
